STT,Name,Dealer,Image,Price,Reviews
1,"BDSM t-shirt; dominatrix, slave girl, submissive, LGBT, bondage, S and M, lesbian bondage, good girl, alternative lifestyle.",WitticismsRus,https://i.etsystatic.com/10501376/c/602/478/159/203/il/05f904/2108727338/il_340x270.2108727338_7w2u.jpg,17.00,"1,015"
2,"Octopus Playing Drums Men's T-Shirt Gift; Drummer Shirt Octopus Gift Drumming Shirt, Drummer Tee Drum Shirts, Music Gifts Mens Tshirt SEEMBO",Seembo,https://i.etsystatic.com/7022163/d/il/9f80bd/2208900803/il_340x270.2208900803_mq7i.jpg?version=0,14.99,"1,627"
3,"Custom T-shirt; Mens Custom Shirt, Personalized T-shirts, Customized Apparel, Custom Tee",GreatLifeTees,https://i.etsystatic.com/10434107/d/il/79dcd6/1876738192/il_340x270.1876738192_hymg.jpg?version=0,13.95,"5,182"
4,With a body like this; who needs hair? tshirt. bald and proud shirt. bald pride tshirt. bald pride tee. gift for relative.  TH-111,TeeHeeHeeShirt,https://i.etsystatic.com/8512710/d/il/0845aa/595246904/il_340x270.595246904_igd6.jpg?version=1,17.50,"2,971"
5,Unisex Tired Alien But Is It Art? Shirt FREE SHIPPING,SolukWorkshop,https://i.etsystatic.com/10063484/c/1211/961/208/254/il/ebd39d/1585780533/il_340x270.1585780533_mhu3.jpg,30.00,282
6,"Apple Garden Food Screen Print T-Shirt; Foodie Gardening Clothing Gift, Graphic Tee",andMorgan,https://i.etsystatic.com/7848321/d/il/2734e2/1079089774/il_340x270.1079089774_my0e.jpg?version=0,25.00,"9,329"
7,Save the Bees Organic Cotton Shirt by Nature Supply Co,NatureSupplyCompany,https://i.etsystatic.com/13150729/c/1000/794/0/102/il/6e27f0/1121597860/il_340x270.1121597860_hgnz.jpg,28.99,"3,133"
8,Ew People t-shirt tee // hipster t-shirts / hipster clothing / hipster shirt / funny t-shirts / sarcasm t-shirt / introvert t-shirt,GeekDownApparel,https://i.etsystatic.com/11604414/c/1574/1250/202/466/il/7a2ef0/2606067807/il_340x270.2606067807_awmv.jpg,23.04,"3,822"
9,HERBIVORE tshirt shirt tee top vegan vegeterian graphic tumblr vegan vibes funny,COSMICwear,https://i.etsystatic.com/14837491/c/625/496/138/85/il/3964ac/2196279419/il_340x270.2196279419_oeyh.jpg,14.77,"1,193"
10,"funny graphic tee; If I'm drunk, Sister shirt, Birthday shirt, day drinking, lets day drink shirt, weekend vibes, beer shirt, wine shirt",SimpleCharmStudio,https://i.etsystatic.com/11414396/d/il/3c8143/1666548621/il_340x270.1666548621_4hwe.jpg?version=0,17.20,"2,817"
11,New Galaxy Quest Inspired Never Give Up Never Surrender Retro Style & Colors Mens T-Shirt Unisex Adult Sizes,DeepFriedArt,https://i.etsystatic.com/12002036/c/575/457/68/144/il/5525e0/2174736210/il_340x270.2174736210_gd1j.jpg,24.95,820
12,Nevertheless She Persisted Shirt,JoyfulMoose,https://i.etsystatic.com/8533852/d/il/f92274/2214115146/il_340x270.2214115146_cbwd.jpg?version=0,22.95,"11,069"
13,Distressed Oversize Flannel Shirt,TheBeardedBee,https://i.etsystatic.com/6087155/d/il/a23943/840997306/il_340x270.840997306_4pn0.jpg?version=1,23.00,"6,635"
14,"Tee shirt; ringer tee shirt, pepper spray shirt, funny tee shirt, ladies tee shirt, gifts for her, birthday gift",Robinssassystitches,https://i.etsystatic.com/12604924/d/il/17ea1f/1247668222/il_340x270.1247668222_91z5.jpg?version=0,20.00,538
15,"Neuroblastoma awareness shirt; childhood cancer shirt, cancer awareness shirt, childhood cancer awareness shirt, cancer shirt",KKMade01,https://i.etsystatic.com/10994917/d/il/85b8de/1338879224/il_340x270.1338879224_lvpg.jpg?version=0,23.99,"3,111"
16,"Gender Reveal; Little Cupcake or Stud Muffin, Gender Reveal Party, Boy or Girl party, Pregnancy Reveal, Gender Announcement, Gender Party,",BellaLexiBoutique,https://i.etsystatic.com/8261264/c/2064/1639/0/529/il/e884e9/1220620064/il_340x270.1220620064_qzmb.jpg,22.09,"5,447"
17,"NAP QUEEN T-shirt Tee Shirt Top High Quality Water based print Super Soft unisex Worldwide lots of colours and sizes Nap; Sleep, Lazy, Rest",Tmeprinting,https://i.etsystatic.com/8723802/d/il/ebf9bb/914551796/il_340x270.914551796_p8c4.jpg?version=1,25.42,"9,880"
18,"Black History Is Our History Shirt; Black History Tee Shirts, Black History Tshirts,Unisex Tee Shirts, Equal Rights Tee Shirts",DesiraesCloset,https://i.etsystatic.com/7141726/d/il/adaba6/1300614486/il_340x270.1300614486_c10d.jpg?version=0,17.31,183
19,"Sleigh All Day Shirt; Funny Christmas Shirts, Ugly Christmas Sweater, Ugly Christmas Shirt, Tacky Sweater Party, Stocking Stuffers",VayneLifestyle,https://i.etsystatic.com/10465816/c/1240/984/0/135/il/82e9a1/1382893397/il_340x270.1382893397_jcrt.jpg,34.00,192
20,Grandpa and Grandpa's Fishing Partner. Matching t-shirts for Grandpa and grandson/granddaughter. Father's Day / Birthday gift for Grandpa,TeeLikeYours,https://i.etsystatic.com/10925320/d/il/2ee88b/1913292645/il_340x270.1913292645_jpn2.jpg?version=0,19.79,"1,506"
21,Disney Shirts - You've Got a Friend In Me (Yellow Vinyl Design),MagicalDayDesign,https://i.etsystatic.com/12603036/d/il/70c09d/1350153285/il_340x270.1350153285_t18p.jpg?version=0,16.99,436
22,Woman Up T-shirt - Feminism Clothing - Woman gift - Woman Up Shirt - Feminist Shirt - Girl Power Shirt - Unique Women's Winter apparel,EmaxTees,https://i.etsystatic.com/13032996/c/1440/1143/0/302/il/0ab6d7/1870877697/il_340x270.1870877697_tm88.jpg,12.72,"2,600"
23,"Rush my order!; Rush Order, Expedite Order",Little17Shop,https://i.etsystatic.com/12092844/d/il/4f7bd2/1362784411/il_340x270.1362784411_1hbk.jpg?version=0,7.79,402
24,Vintage T Shirt Tee Tshirt 70s 80s 90s YOU PICK Soft & Thin Grunge Hipster Funny Novelty Graphic Screen Stars Unisex S M L,WildwoodVintage,https://i.etsystatic.com/6258393/c/725/576/0/124/il/f62073/1736361721/il_340x270.1736361721_pa5a.jpg,6.78,501
25,Girls T-Shirt from Friends l Women’s Graphic Tees l Girls Shirt l Friends l 90s Tee l Vintage Tee,HighTidePrintingCo,https://i.etsystatic.com/12039859/c/1125/893/0/236/il/438722/1060198212/il_340x270.1060198212_3316.jpg,17.00,"1,796"
26,alien pocket logo t shirt ufo swag dope hipster trend fashion new tumblr spaceship unisex,appareloutlet2,https://i.etsystatic.com/11743123/d/il/4dce79/840666581/il_340x270.840666581_id17.jpg?version=0,9.92,"1,089"
27,"Feminist Women's T-shirt; Feminst Unisex Tee, Men's Feminst Tshirt,Feminism Shirts,  Flawless shirt, Women's March on Washington",ACaseOfTheSundays,https://i.etsystatic.com/12584809/c/953/757/81/126/il/5dc5bd/1102398505/il_340x270.1102398505_a1co.jpg,16.00,541
28,"Mama Bear Shirt; Mama Bear, Mama Bear TShirt, Mom Life Shirt, MomLife Shirt, Pregnancy Gender Reveal, Momma Bear Shirt, Boy Mom, Girl Mom",LifeWithSunshine,https://i.etsystatic.com/12942889/d/il/61b63f/1800766570/il_340x270.1800766570_dcuc.jpg?version=0,16.15,"2,989"
29,"Crater Lake Oregon Womens Graphic Tee; Outdoor Clothing Gift for Her, Adventure Wanderlust Mountain T-shirt, Eco Friendly Camping Shirt",blackbirdsupply,https://i.etsystatic.com/5254129/c/1000/794/0/197/il/a356f9/1490092247/il_340x270.1490092247_2mfk.jpg,25.60,"12,499"
30,ROUND NECK - Big Little Shirts - Sorority shirts - Big Little Reveal T Shirts - Handwriting,RandDDesignsILM,https://i.etsystatic.com/9234998/d/il/99bf8c/1766027484/il_340x270.1766027484_lkkv.jpg?version=0,10.00,"6,198"
31,"King Queen shirt personalized for Christmas gift; matching shirts for couple, t-shirts for lovers, King and Queen t shirt for couple set",ZonaShirt,https://i.etsystatic.com/11741856/d/il/240fb1/2732090063/il_340x270.2732090063_6v5l.jpg?version=1,59.20,154
32,"Immigrant Shirt | liberal tshirt; anti trump tshirt, immigration protest t shirt, political protest tee, pro immigrant tshirt, human rights",BootsTees,https://i.etsystatic.com/6004141/c/1265/1006/367/254/il/bb155a/1943297250/il_340x270.1943297250_nqd3.jpg,24.95,"5,017"
33,Christmas Gifts for Boyfriend - Video Game T shirt for Him - Boyfriend Gifts from Girlfriend - Funny Tshirts,UnicornTees,https://i.etsystatic.com/6378568/c/1289/1023/102/86/il/cd7c44/1130142195/il_340x270.1130142195_bprz.jpg,19.99,"13,098"
34,Trees t shirt | Men's T-shirt | Nature shirt | Hiking shirt | Graphic Tees | Forest Tshirt,ArtisanTees,https://i.etsystatic.com/6653808/d/il/b73928/998721131/il_340x270.998721131_t66z.jpg?version=0,21.00,"1,258"
35,Melting Yin Yang Rainbow Tie Dye T-Shirt,vfever,https://i.etsystatic.com/6779739/d/il/e0372d/2155648994/il_340x270.2155648994_o9nd.jpg?version=0,23.43,"2,220"
36,Boobs Boob Shirt TShirt T-Shirt T Shirt Tee,TwoToneTeeToOne,https://i.etsystatic.com/9154532/d/il/6f7b4a/1670831284/il_340x270.1670831284_2bmv.jpg?version=0,18.00,934
37,Alpha Phi Comfort Colors Laurel ΑΦ Unisex Pocket T-shirt,SisterTees,https://i.etsystatic.com/13785485/d/il/0c3fce/1639586696/il_340x270.1639586696_nued.jpg?version=1,23.00,376
38,"Your loss babe t-shirt; unisex tee, fashion tee, trendy t-shirt, tumblr shirt",Outerspacesociety,https://i.etsystatic.com/13939954/d/il/e1d191/1252433044/il_340x270.1252433044_8jjd.jpg?version=0,21.30,124
39,Vegan Shirt Vegetarian T Shirt Tee Mens Womens Ladies Gift Present Animal Lover Statement Tee Animal Rights Rescue Friends Not Food Shirt,BoooTees,https://i.etsystatic.com/9196086/c/1052/835/84/22/il/4d8b5e/1340113873/il_340x270.1340113873_hf7v.jpg,14.99,"19,666"
40,MOM OF BOYS Tri Blend tee,4oneapparel,https://i.etsystatic.com/6085238/d/il/011ade/1210473179/il_340x270.1210473179_73eu.jpg?version=0,24.00,508
41,"Snowman Raglan Three Quarter Sleeve Baseball Shirt; Word Art Snowman, Christmas Shirt, Winter TShirt, Raglan Tee",RusticSunflowerApprl,https://i.etsystatic.com/13004341/d/il/138f2b/1779979317/il_340x270.1779979317_nr75.jpg?version=0,25.49,433
42,Pregnancy Announcement Shirt/ Pregnancy Announcement to Husband/ Pregnant Shirt/ Maternity Shirt/ Announcement Idea Food Baby Shirt Preggers,RavelledKnits,https://i.etsystatic.com/7870286/c/750/595/0/37/il/85dd7c/1608542861/il_340x270.1608542861_stby.jpg,25.00,"4,672"
43,Funcle Definition T-shirt Funny Gift For Uncle Like A Dad But Way Cooler Unisex T-Shirt,AwesomeTeeDesigns,https://i.etsystatic.com/15849759/c/1085/862/460/13/il/45ab7e/1346270632/il_340x270.1346270632_6p3o.jpg,19.19,283
44,Disney Family Shirts Mickey and Minnie Head Ears His and Hers Matching Disney Custom Family Vacation Shirts T-Shirts Can Be Personalized,EnchantedbyDesigns,https://i.etsystatic.com/12003236/d/il/963a6d/1264721743/il_340x270.1264721743_h1d5.jpg?version=1,9.99,"2,902"
45,DREAMVILLE shirt T shirt and long sleeve hip hop dj J cole COLE WORLD,TeezGallery,https://i.etsystatic.com/13553281/d/il/2fe87c/1144357421/il_340x270.1144357421_hj1t.jpg?version=0,18.95,"3,382"
46,Vintage tshirt 70s 80s you pick soft thin tee t shirt top,216vintageModern,https://i.etsystatic.com/7939995/d/il/9dc9da/923950557/il_340x270.923950557_fckj.jpg?version=0,12.00,"1,650"
47,Football / Football Shirt / Tailgate Shirt / Football Mom Shirt / Most Wonderful Time of the Year Football / College Football,ShopWildBlooms,https://i.etsystatic.com/9005835/c/839/667/100/136/il/d15051/1030896458/il_340x270.1030896458_e373.jpg,24.99,"1,324"
48,Vegan Shirt Vegan T Shirt Vegan Merch Logo for Women Girls Men Unisex Tumblr Vegetarian Top Tee White/Black/Grey/Red/Burgundy/Navy,XcarterZ,https://i.etsystatic.com/11854624/c/1000/794/0/159/il/3542af/1200078688/il_340x270.1200078688_jmg8.jpg,19.99,"1,160"
